大泽惠,https://baike.baidu.com/item/%E5%A4%A7%E6%B3%BD%E6%83%A0
美咲沙耶,https://baike.baidu.com/item/%E7%BE%8E%E5%92%B2%E6%B2%99%E8%80%B6
石川铃华,https://baike.baidu.com/item/%E7%9F%B3%E5%B7%9D%E9%93%83%E5%8D%8E
早见琉璃,https://baike.baidu.com/item/%E6%97%A9%E8%A7%81%E7%90%89%E7%92%83
羽田未来,https://baike.baidu.com/item/%E7%BE%BD%E7%94%B0%E6%9C%AA%E6%9D%A5
小泉梨菜,https://baike.baidu.com/item/%E5%B0%8F%E6%B3%89%E6%A2%A8%E8%8F%9C
二宫沙树,https://baike.baidu.com/item/%E4%BA%8C%E5%AE%AB%E6%B2%99%E6%A0%91
星野明,https://baike.baidu.com/item/%E6%98%9F%E9%87%8E%E6%98%8E
椎名由奈,https://baike.baidu.com/item/%E6%A4%8E%E5%90%8D%E7%94%B1%E5%A5%88
青木玲,https://baike.baidu.com/item/%E9%9D%92%E6%9C%A8%E7%8E%B2
星艾莉丝,https://baike.baidu.com/item/%E6%98%9F%E8%89%BE%E8%8E%89%E4%B8%9D
鮎川奈绪,https://baike.baidu.com/item/%E9%AE%8E%E5%B7%9D%E5%A5%88%E7%BB%AA
秋川露依,https://baike.baidu.com/item/%E7%A7%8B%E5%B7%9D%E9%9C%B2%E4%BE%9D
内山遥,https://baike.baidu.com/item/%E5%86%85%E5%B1%B1%E9%81%A5
香澄果穗,https://baike.baidu.com/item/%E9%A6%99%E6%BE%84%E6%9E%9C%E7%A9%97
麻田有希,https://baike.baidu.com/item/%E9%BA%BB%E7%94%B0%E6%9C%89%E5%B8%8C
友崎玲,https://baike.baidu.com/item/%E5%8F%8B%E5%B4%8E%E7%8E%B2
春菜花,https://baike.baidu.com/item/%E6%98%A5%E8%8F%9C%E8%8A%B1
神咲诗织,https://baike.baidu.com/item/%E7%A5%9E%E5%92%B2%E8%AF%97%E7%BB%87
姬咲莉莉亚,https://baike.baidu.com/item/%E5%A7%AC%E5%92%B2%E8%8E%89%E8%8E%89%E4%BA%9A
AYA,https://baike.baidu.com/item/AYA
佐藤美沙,https://baike.baidu.com/item/%E4%BD%90%E8%97%A4%E7%BE%8E%E6%B2%99
天海翼,https://baike.baidu.com/item/%E5%A4%A9%E6%B5%B7%E7%BF%BC
西田美沙,https://baike.baidu.com/item/%E8%A5%BF%E7%94%B0%E7%BE%8E%E6%B2%99
心有花,https://baike.baidu.com/item/%E5%BF%83%E6%9C%89%E8%8A%B1
相户爱,https://baike.baidu.com/item/%E7%9B%B8%E6%88%B7%E7%88%B1
平井绫,https://baike.baidu.com/item/%E5%B9%B3%E4%BA%95%E7%BB%AB
速水百花,https://baike.baidu.com/item/%E9%80%9F%E6%B0%B4%E7%99%BE%E8%8A%B1
小峰由衣,https://baike.baidu.com/item/%E5%B0%8F%E5%B3%B0%E7%94%B1%E8%A1%A3
管野静香,https://baike.baidu.com/item/%E7%AE%A1%E9%87%8E%E9%9D%99%E9%A6%99
香山圣,https://baike.baidu.com/item/%E9%A6%99%E5%B1%B1%E5%9C%A3
叶月奈穗,https://baike.baidu.com/item/%E5%8F%B6%E6%9C%88%E5%A5%88%E7%A9%97
川嶋夏树,https://baike.baidu.com/item/%E5%B7%9D%E5%B6%8B%E5%A4%8F%E6%A0%91
长泽筑实,https://baike.baidu.com/item/%E9%95%BF%E6%B3%BD%E7%AD%91%E5%AE%9E
樱井梨花,https://baike.baidu.com/item/%E6%A8%B1%E4%BA%95%E6%A2%A8%E8%8A%B1
伊藤青叶,https://baike.baidu.com/item/%E4%BC%8A%E8%97%A4%E9%9D%92%E5%8F%B6
伊东遥,https://baike.baidu.com/item/%E4%BC%8A%E4%B8%9C%E9%81%A5
杏树纱奈,https://baike.baidu.com/item/%E6%9D%8F%E6%A0%91%E7%BA%B1%E5%A5%88
七咲枫花,https://baike.baidu.com/item/%E4%B8%83%E5%92%B2%E6%9E%AB%E8%8A%B1
爱川香织,https://baike.baidu.com/item/%E7%88%B1%E5%B7%9D%E9%A6%99%E7%BB%87
黑泽英里奈,https://baike.baidu.com/item/%E9%BB%91%E6%B3%BD%E8%8B%B1%E9%87%8C%E5%A5%88
星野飞鸟,https://baike.baidu.com/item/%E6%98%9F%E9%87%8E%E9%A3%9E%E9%B8%9F
原明奈,https://baike.baidu.com/item/%E5%8E%9F%E6%98%8E%E5%A5%88
辻沙耶香,https://baike.baidu.com/item/%E8%BE%BB%E6%B2%99%E8%80%B6%E9%A6%99
原田明绘,https://baike.baidu.com/item/%E5%8E%9F%E7%94%B0%E6%98%8E%E7%BB%98
北川绘美,https://baike.baidu.com/item/%E5%8C%97%E5%B7%9D%E7%BB%98%E7%BE%8E
小林爱弓,https://baike.baidu.com/item/%E5%B0%8F%E6%9E%97%E7%88%B1%E5%BC%93
大泽美加,https://baike.baidu.com/item/%E5%A4%A7%E6%B3%BD%E7%BE%8E%E5%8A%A0
吉冈美奈,https://baike.baidu.com/item/%E5%90%89%E5%86%88%E7%BE%8E%E5%A5%88
铃木里美,https://baike.baidu.com/item/%E9%93%83%E6%9C%A8%E9%87%8C%E7%BE%8E
北条麻妃,https://baike.baidu.com/item/%E5%8C%97%E6%9D%A1%E9%BA%BB%E5%A6%83
神谷姬,https://baike.baidu.com/item/%E7%A5%9E%E8%B0%B7%E5%A7%AC
神河美音,https://baike.baidu.com/item/%E7%A5%9E%E6%B2%B3%E7%BE%8E%E9%9F%B3
筱惠美,https://baike.baidu.com/item/%E7%AD%B1%E6%83%A0%E7%BE%8E
大浦安娜,https://baike.baidu.com/item/%E5%A4%A7%E6%B5%A6%E5%AE%89%E5%A8%9C
三浦亚沙妃,https://baike.baidu.com/item/%E4%B8%89%E6%B5%A6%E4%BA%9A%E6%B2%99%E5%A6%83
ASUKA,https://baike.baidu.com/item/ASUKA
泽木树里,https://baike.baidu.com/item/%E6%B3%BD%E6%9C%A8%E6%A0%91%E9%87%8C
周防雪子,https://baike.baidu.com/item/%E5%91%A8%E9%98%B2%E9%9B%AA%E5%AD%90
波多野结衣,https://baike.baidu.com/item/%E6%B3%A2%E5%A4%9A%E9%87%8E%E7%BB%93%E8%A1%A3
冬月枫,https://baike.baidu.com/item/%E5%86%AC%E6%9C%88%E6%9E%AB
大冢咲,https://baike.baidu.com/item/%E5%A4%A7%E5%86%A2%E5%92%B2
天宫真奈美,https://baike.baidu.com/item/%E5%A4%A9%E5%AE%AB%E7%9C%9F%E5%A5%88%E7%BE%8E
原千寻,https://baike.baidu.com/item/%E5%8E%9F%E5%8D%83%E5%AF%BB
叶志穗,https://baike.baidu.com/item/%E5%8F%B6%E5%BF%97%E7%A9%97
濑奈凉,https://baike.baidu.com/item/%E6%BF%91%E5%A5%88%E5%87%89
相泽唯衣,https://baike.baidu.com/item/%E7%9B%B8%E6%B3%BD%E5%94%AF%E8%A1%A3
广濑由奈,https://baike.baidu.com/item/%E5%B9%BF%E6%BF%91%E7%94%B1%E5%A5%88
小坂惠,https://baike.baidu.com/item/%E5%B0%8F%E5%9D%82%E6%83%A0
翼裕香,https://baike.baidu.com/item/%E7%BF%BC%E8%A3%95%E9%A6%99
叶山润子,https://baike.baidu.com/item/%E5%8F%B6%E5%B1%B1%E6%B6%A6%E5%AD%90
绫濑美音,https://baike.baidu.com/item/%E7%BB%AB%E6%BF%91%E7%BE%8E%E9%9F%B3
朝日奈明,https://baike.baidu.com/item/%E6%9C%9D%E6%97%A5%E5%A5%88%E6%98%8E
青空小夏,https://baike.baidu.com/item/%E9%9D%92%E7%A9%BA%E5%B0%8F%E5%A4%8F
麻仓忧,https://baike.baidu.com/item/%E9%BA%BB%E4%BB%93%E5%BF%A7
木村那美,https://baike.baidu.com/item/%E6%9C%A8%E6%9D%91%E9%82%A3%E7%BE%8E
村上里沙,https://baike.baidu.com/item/%E6%9D%91%E4%B8%8A%E9%87%8C%E6%B2%99
田中亚弥,https://baike.baidu.com/item/%E7%94%B0%E4%B8%AD%E4%BA%9A%E5%BC%A5
泷泽萝拉,https://baike.baidu.com/item/%E6%B3%B7%E6%B3%BD%E8%90%9D%E6%8B%89
花鸟丽,https://baike.baidu.com/item/%E8%8A%B1%E9%B8%9F%E4%B8%BD
小向美奈子,https://baike.baidu.com/item/%E5%B0%8F%E5%90%91%E7%BE%8E%E5%A5%88%E5%AD%90
天衣美津,https://baike.baidu.com/item/%E5%A4%A9%E8%A1%A3%E7%BE%8E%E6%B4%A5
JULIA,https://baike.baidu.com/item/JULIA
早坂瞳,https://baike.baidu.com/item/%E6%97%A9%E5%9D%82%E7%9E%B3
樱井莉亚,https://baike.baidu.com/item/%E6%A8%B1%E4%BA%95%E8%8E%89%E4%BA%9A
横山美雪,https://baike.baidu.com/item/%E6%A8%AA%E5%B1%B1%E7%BE%8E%E9%9B%AA
相田纱耶香,https://baike.baidu.com/item/%E7%9B%B8%E7%94%B0%E7%BA%B1%E8%80%B6%E9%A6%99
青山雪菜,https://baike.baidu.com/item/%E9%9D%92%E5%B1%B1%E9%9B%AA%E8%8F%9C
大岛理子,https://baike.baidu.com/item/%E5%A4%A7%E5%B2%9B%E7%90%86%E5%AD%90
松本麻里奈,https://baike.baidu.com/item/%E6%9D%BE%E6%9C%AC%E9%BA%BB%E9%87%8C%E5%A5%88
纱仓真菜,https://baike.baidu.com/item/%E7%BA%B1%E4%BB%93%E7%9C%9F%E8%8F%9C
渡濑晶,https://baike.baidu.com/item/%E6%B8%A1%E6%BF%91%E6%99%B6
若菜光,https://baike.baidu.com/item/%E8%8B%A5%E8%8F%9C%E5%85%89
日向真昼,https://baike.baidu.com/item/%E6%97%A5%E5%90%91%E7%9C%9F%E6%98%BC
平泽里菜子,https://baike.baidu.com/item/%E5%B9%B3%E6%B3%BD%E9%87%8C%E8%8F%9C%E5%AD%90
绫波优,https://baike.baidu.com/item/%E7%BB%AB%E6%B3%A2%E4%BC%98
小峰日向,https://baike.baidu.com/item/%E5%B0%8F%E5%B3%B0%E6%97%A5%E5%90%91
羽田爱,https://baike.baidu.com/item/%E7%BE%BD%E7%94%B0%E7%88%B1
水城奈绪,https://baike.baidu.com/item/%E6%B0%B4%E5%9F%8E%E5%A5%88%E7%BB%AA
红音萤,https://baike.baidu.com/item/%E7%BA%A2%E9%9F%B3%E8%90%A4
新村爱,https://baike.baidu.com/item/%E6%96%B0%E6%9D%91%E7%88%B1
伊泽千夏,https://baike.baidu.com/item/%E4%BC%8A%E6%B3%BD%E5%8D%83%E5%A4%8F
加护范子,https://baike.baidu.com/item/%E5%8A%A0%E6%8A%A4%E8%8C%83%E5%AD%90
长泽梓,https://baike.baidu.com/item/%E9%95%BF%E6%B3%BD%E6%A2%93
乙音奈奈,https://baike.baidu.com/item/%E4%B9%99%E9%9F%B3%E5%A5%88%E5%A5%88
白咲舞,https://baike.baidu.com/item/%E7%99%BD%E5%92%B2%E8%88%9E
希美真由,https://baike.baidu.com/item/%E5%B8%8C%E7%BE%8E%E7%9C%9F%E7%94%B1
黑木麻衣,https://baike.baidu.com/item/%E9%BB%91%E6%9C%A8%E9%BA%BB%E8%A1%A3
爱音真寻,https://baike.baidu.com/item/%E7%88%B1%E9%9F%B3%E7%9C%9F%E5%AF%BB
松野由井,https://baike.baidu.com/item/%E6%9D%BE%E9%87%8E%E7%94%B1%E4%BA%95
和叶美玲,https://baike.baidu.com/item/%E5%92%8C%E5%8F%B6%E7%BE%8E%E7%8E%B2
麻美由真,https://baike.baidu.com/item/%E9%BA%BB%E7%BE%8E%E7%94%B1%E7%9C%9F
日野雫,https://baike.baidu.com/item/%E6%97%A5%E9%87%8E%E9%9B%AB
爱泽莲,https://baike.baidu.com/item/%E7%88%B1%E6%B3%BD%E8%8E%B2
早川濑里奈,https://baike.baidu.com/item/%E6%97%A9%E5%B7%9D%E6%BF%91%E9%87%8C%E5%A5%88
铃木茶织,https://baike.baidu.com/item/%E9%93%83%E6%9C%A8%E8%8C%B6%E7%BB%87
阿立未来,https://baike.baidu.com/item/%E9%98%BF%E7%AB%8B%E6%9C%AA%E6%9D%A5
筱原凉,https://baike.baidu.com/item/%E7%AD%B1%E5%8E%9F%E5%87%89
雨宫琴音,https://baike.baidu.com/item/%E9%9B%A8%E5%AE%AB%E7%90%B4%E9%9F%B3
初美理音,https://baike.baidu.com/item/%E5%88%9D%E7%BE%8E%E7%90%86%E9%9F%B3
一条爱美,https://baike.baidu.com/item/%E4%B8%80%E6%9D%A1%E7%88%B1%E7%BE%8E
青木莉子,https://baike.baidu.com/item/%E9%9D%92%E6%9C%A8%E8%8E%89%E5%AD%90
高原智美,https://baike.baidu.com/item/%E9%AB%98%E5%8E%9F%E6%99%BA%E7%BE%8E
朝河兰,https://baike.baidu.com/item/%E6%9C%9D%E6%B2%B3%E5%85%B0
桃子美优,https://baike.baidu.com/item/%E6%A1%83%E5%AD%90%E7%BE%8E%E4%BC%98
坂田美影,https://baike.baidu.com/item/%E5%9D%82%E7%94%B0%E7%BE%8E%E5%BD%B1
樱心美,https://baike.baidu.com/item/%E6%A8%B1%E5%BF%83%E7%BE%8E
范田纱纱,https://baike.baidu.com/item/%E8%8C%83%E7%94%B0%E7%BA%B1%E7%BA%B1
中岛京子,https://baike.baidu.com/item/%E4%B8%AD%E5%B2%9B%E4%BA%AC%E5%AD%90
种村美咲,https://baike.baidu.com/item/%E7%A7%8D%E6%9D%91%E7%BE%8E%E5%92%B2
草莓牛奶,https://baike.baidu.com/item/%E8%8D%89%E8%8E%93%E7%89%9B%E5%A5%B6
天海丽,https://baike.baidu.com/item/%E5%A4%A9%E6%B5%B7%E4%B8%BD
相崎琴音,https://baike.baidu.com/item/%E7%9B%B8%E5%B4%8E%E7%90%B4%E9%9F%B3
神谷美雪,https://baike.baidu.com/item/%E7%A5%9E%E8%B0%B7%E7%BE%8E%E9%9B%AA
高树圣良,https://baike.baidu.com/item/%E9%AB%98%E6%A0%91%E5%9C%A3%E8%89%AF
北岛玲,https://baike.baidu.com/item/%E5%8C%97%E5%B2%9B%E7%8E%B2
原小雪,https://baike.baidu.com/item/%E5%8E%9F%E5%B0%8F%E9%9B%AA
朝比奈琉依,https://baike.baidu.com/item/%E6%9C%9D%E6%AF%94%E5%A5%88%E7%90%89%E4%BE%9D
水元优奈,https://baike.baidu.com/item/%E6%B0%B4%E5%85%83%E4%BC%98%E5%A5%88
松生彩,https://baike.baidu.com/item/%E6%9D%BE%E7%94%9F%E5%BD%A9
小日向优,https://baike.baidu.com/item/%E5%B0%8F%E6%97%A5%E5%90%91%E4%BC%98
若宫莉那,https://baike.baidu.com/item/%E8%8B%A5%E5%AE%AB%E8%8E%89%E9%82%A3
上原瑞穗,https://baike.baidu.com/item/%E4%B8%8A%E5%8E%9F%E7%91%9E%E7%A9%97
若林树里,https://baike.baidu.com/item/%E8%8B%A5%E6%9E%97%E6%A0%91%E9%87%8C
爱川美里菜,https://baike.baidu.com/item/%E7%88%B1%E5%B7%9D%E7%BE%8E%E9%87%8C%E8%8F%9C
芹泽直美,https://baike.baidu.com/item/%E8%8A%B9%E6%B3%BD%E7%9B%B4%E7%BE%8E
唯川纯,https://baike.baidu.com/item/%E5%94%AF%E5%B7%9D%E7%BA%AF
黑川绮罗,https://baike.baidu.com/item/%E9%BB%91%E5%B7%9D%E7%BB%AE%E7%BD%97
大桥未久,https://baike.baidu.com/item/%E5%A4%A7%E6%A1%A5%E6%9C%AA%E4%B9%85
星崎杏里,https://baike.baidu.com/item/%E6%98%9F%E5%B4%8E%E6%9D%8F%E9%87%8C
幸田李梨,https://baike.baidu.com/item/%E5%B9%B8%E7%94%B0%E6%9D%8E%E6%A2%A8
星乃星爱,https://baike.baidu.com/item/%E6%98%9F%E4%B9%83%E6%98%9F%E7%88%B1
藤本莉娜,https://baike.baidu.com/item/%E8%97%A4%E6%9C%AC%E8%8E%89%E5%A8%9C
姬野爱,https://baike.baidu.com/item/%E5%A7%AC%E9%87%8E%E7%88%B1
铃香音色,https://baike.baidu.com/item/%E9%93%83%E9%A6%99%E9%9F%B3%E8%89%B2
@YOU,https://baike.baidu.com/item/%40YOU
青木琳,https://baike.baidu.com/item/%E9%9D%92%E6%9C%A8%E7%90%B3
糸矢芽衣,https://baike.baidu.com/item/%E7%B3%B8%E7%9F%A2%E8%8A%BD%E8%A1%A3
若叶久留美,https://baike.baidu.com/item/%E8%8B%A5%E5%8F%B6%E4%B9%85%E7%95%99%E7%BE%8E
妃乃光,https://baike.baidu.com/item/%E5%A6%83%E4%B9%83%E5%85%89
新垣圣那,https://baike.baidu.com/item/%E6%96%B0%E5%9E%A3%E5%9C%A3%E9%82%A3
北原多香子,https://baike.baidu.com/item/%E5%8C%97%E5%8E%9F%E5%A4%9A%E9%A6%99%E5%AD%90
遥惠美,https://baike.baidu.com/item/%E9%81%A5%E6%83%A0%E7%BE%8E
栗林里莉,https://baike.baidu.com/item/%E6%A0%97%E6%9E%97%E9%87%8C%E8%8E%89
古都光,https://baike.baidu.com/item/%E5%8F%A4%E9%83%BD%E5%85%89
水菜丽,https://baike.baidu.com/item/%E6%B0%B4%E8%8F%9C%E4%B8%BD
岬里沙,https://baike.baidu.com/item/%E5%B2%AC%E9%87%8C%E6%B2%99
爱原翼,https://baike.baidu.com/item/%E7%88%B1%E5%8E%9F%E7%BF%BC
加藤莉娜,https://baike.baidu.com/item/%E5%8A%A0%E8%97%A4%E8%8E%89%E5%A8%9C
吉泽明步,https://baike.baidu.com/item/%E5%90%89%E6%B3%BD%E6%98%8E%E6%AD%A5
濑名步,https://baike.baidu.com/item/%E6%BF%91%E5%90%8D%E6%AD%A5
岛田阳子,https://baike.baidu.com/item/%E5%B2%9B%E7%94%B0%E9%98%B3%E5%AD%90
夏目奈奈,https://baike.baidu.com/item/%E5%A4%8F%E7%9B%AE%E5%A5%88%E5%A5%88
堀口奈津美,https://baike.baidu.com/item/%E5%A0%80%E5%8F%A3%E5%A5%88%E6%B4%A5%E7%BE%8E
折笠弥生,https://baike.baidu.com/item/%E6%8A%98%E7%AC%A0%E5%BC%A5%E7%94%9F
翔田千里,https://baike.baidu.com/item/%E7%BF%94%E7%94%B0%E5%8D%83%E9%87%8C
木下柚花,https://baike.baidu.com/item/%E6%9C%A8%E4%B8%8B%E6%9F%9A%E8%8A%B1
春咲和津实,https://baike.baidu.com/item/%E6%98%A5%E5%92%B2%E5%92%8C%E6%B4%A5%E5%AE%9E
卯月麻衣,https://baike.baidu.com/item/%E5%8D%AF%E6%9C%88%E9%BA%BB%E8%A1%A3
希志爱野,https://baike.baidu.com/item/%E5%B8%8C%E5%BF%97%E7%88%B1%E9%87%8E
弘前亮子,https://baike.baidu.com/item/%E5%BC%98%E5%89%8D%E4%BA%AE%E5%AD%90
松下怜,https://baike.baidu.com/item/%E6%9D%BE%E4%B8%8B%E6%80%9C
早乙女露依,https://baike.baidu.com/item/%E6%97%A9%E4%B9%99%E5%A5%B3%E9%9C%B2%E4%BE%9D
赤西凉,https://baike.baidu.com/item/%E8%B5%A4%E8%A5%BF%E5%87%89
桐生樱,https://baike.baidu.com/item/%E6%A1%90%E7%94%9F%E6%A8%B1
晶爱丽,https://baike.baidu.com/item/%E6%99%B6%E7%88%B1%E4%B8%BD
舞咲美娜,https://baike.baidu.com/item/%E8%88%9E%E5%92%B2%E7%BE%8E%E5%A8%9C
北原夏美,https://baike.baidu.com/item/%E5%8C%97%E5%8E%9F%E5%A4%8F%E7%BE%8E
明日花绮罗,https://baike.baidu.com/item/%E6%98%8E%E6%97%A5%E8%8A%B1%E7%BB%AE%E7%BD%97
茉莉花,https://baike.baidu.com/item/%E8%8C%89%E8%8E%89%E8%8A%B1
小林初花,https://baike.baidu.com/item/%E5%B0%8F%E6%9E%97%E5%88%9D%E8%8A%B1
辰巳唯,https://baike.baidu.com/item/%E8%BE%B0%E5%B7%B3%E5%94%AF
安西琉菜,https://baike.baidu.com/item/%E5%AE%89%E8%A5%BF%E7%90%89%E8%8F%9C
月野姬,https://baike.baidu.com/item/%E6%9C%88%E9%87%8E%E5%A7%AC
藤原瞳,https://baike.baidu.com/item/%E8%97%A4%E5%8E%9F%E7%9E%B3
叶山丽子,https://baike.baidu.com/item/%E5%8F%B6%E5%B1%B1%E4%B8%BD%E5%AD%90
恋小夜,https://baike.baidu.com/item/%E6%81%8B%E5%B0%8F%E5%A4%9C
安达有里,https://baike.baidu.com/item/%E5%AE%89%E8%BE%BE%E6%9C%89%E9%87%8C
橘日向,https://baike.baidu.com/item/%E6%A9%98%E6%97%A5%E5%90%91
紫彩乃,https://baike.baidu.com/item/%E7%B4%AB%E5%BD%A9%E4%B9%83
星崎未来,https://baike.baidu.com/item/%E6%98%9F%E5%B4%8E%E6%9C%AA%E6%9D%A5
麻生岬,https://baike.baidu.com/item/%E9%BA%BB%E7%94%9F%E5%B2%AC
滨崎里绪,https://baike.baidu.com/item/%E6%BB%A8%E5%B4%8E%E9%87%8C%E7%BB%AA
佐藤江梨花,https://baike.baidu.com/item/%E4%BD%90%E8%97%A4%E6%B1%9F%E6%A2%A8%E8%8A%B1
村上丽奈,https://baike.baidu.com/item/%E6%9D%91%E4%B8%8A%E4%B8%BD%E5%A5%88
蓝山南,https://baike.baidu.com/item/%E8%93%9D%E5%B1%B1%E5%8D%97
青山由衣,https://baike.baidu.com/item/%E9%9D%92%E5%B1%B1%E7%94%B1%E8%A1%A3
木内美保,https://baike.baidu.com/item/%E6%9C%A8%E5%86%85%E7%BE%8E%E4%BF%9D
水朝美树,https://baike.baidu.com/item/%E6%B0%B4%E6%9C%9D%E7%BE%8E%E6%A0%91
藤泽美羽,https://baike.baidu.com/item/%E8%97%A4%E6%B3%BD%E7%BE%8E%E7%BE%BD
高濑七海,https://baike.baidu.com/item/%E9%AB%98%E6%BF%91%E4%B8%83%E6%B5%B7
樱田樱,https://baike.baidu.com/item/%E6%A8%B1%E7%94%B0%E6%A8%B1
香坂百合,https://baike.baidu.com/item/%E9%A6%99%E5%9D%82%E7%99%BE%E5%90%88
大槻响,https://baike.baidu.com/item/%E5%A4%A7%E6%A7%BB%E5%93%8D
大泽佳那,https://baike.baidu.com/item/%E5%A4%A7%E6%B3%BD%E4%BD%B3%E9%82%A3
麻川丽,https://baike.baidu.com/item/%E9%BA%BB%E5%B7%9D%E4%B8%BD
樱木凛,https://baike.baidu.com/item/%E6%A8%B1%E6%9C%A8%E5%87%9B
堀咲莉亚,https://baike.baidu.com/item/%E5%A0%80%E5%92%B2%E8%8E%89%E4%BA%9A
樱朱音,https://baike.baidu.com/item/%E6%A8%B1%E6%9C%B1%E9%9F%B3
绘色千佳,https://baike.baidu.com/item/%E7%BB%98%E8%89%B2%E5%8D%83%E4%BD%B3
音羽奏,https://baike.baidu.com/item/%E9%9F%B3%E7%BE%BD%E5%A5%8F
成濑心美,https://baike.baidu.com/item/%E6%88%90%E6%BF%91%E5%BF%83%E7%BE%8E
长谷川理穗,https://baike.baidu.com/item/%E9%95%BF%E8%B0%B7%E5%B7%9D%E7%90%86%E7%A9%97
安倍夏树,https://baike.baidu.com/item/%E5%AE%89%E5%80%8D%E5%A4%8F%E6%A0%91
飞鸟伊央,https://baike.baidu.com/item/%E9%A3%9E%E9%B8%9F%E4%BC%8A%E5%A4%AE
真白希实,https://baike.baidu.com/item/%E7%9C%9F%E7%99%BD%E5%B8%8C%E5%AE%9E
立花美凉,https://baike.baidu.com/item/%E7%AB%8B%E8%8A%B1%E7%BE%8E%E5%87%89
叶不二子,https://baike.baidu.com/item/%E5%8F%B6%E4%B8%8D%E4%BA%8C%E5%AD%90
宫川怜,https://baike.baidu.com/item/%E5%AE%AB%E5%B7%9D%E6%80%9C
泷泽优奈,https://baike.baidu.com/item/%E6%B3%B7%E6%B3%BD%E4%BC%98%E5%A5%88
立花里子,https://baike.baidu.com/item/%E7%AB%8B%E8%8A%B1%E9%87%8C%E5%AD%90
浅田琪琪,https://baike.baidu.com/item/%E6%B5%85%E7%94%B0%E7%90%AA%E7%90%AA
早乙女优,https://baike.baidu.com/item/%E6%97%A9%E4%B9%99%E5%A5%B3%E4%BC%98
森美咲,https://baike.baidu.com/item/%E6%A3%AE%E7%BE%8E%E5%92%B2
原更纱,https://baike.baidu.com/item/%E5%8E%9F%E6%9B%B4%E7%BA%B1
爱内梨花,https://baike.baidu.com/item/%E7%88%B1%E5%86%85%E6%A2%A8%E8%8A%B1
野宫凛子,https://baike.baidu.com/item/%E9%87%8E%E5%AE%AB%E5%87%9B%E5%AD%90
西野翔,https://baike.baidu.com/item/%E8%A5%BF%E9%87%8E%E7%BF%94
爱海一夏,https://baike.baidu.com/item/%E7%88%B1%E6%B5%B7%E4%B8%80%E5%A4%8F
朝香凉,https://baike.baidu.com/item/%E6%9C%9D%E9%A6%99%E5%87%89
小泉彩,https://baike.baidu.com/item/%E5%B0%8F%E6%B3%89%E5%BD%A9
山口玲子,https://baike.baidu.com/item/%E5%B1%B1%E5%8F%A3%E7%8E%B2%E5%AD%90
爱田由,https://baike.baidu.com/item/%E7%88%B1%E7%94%B0%E7%94%B1
明佐奈,https://baike.baidu.com/item/%E6%98%8E%E4%BD%90%E5%A5%88
爱原理彩,https://baike.baidu.com/item/%E7%88%B1%E5%8E%9F%E7%90%86%E5%BD%A9
小泉优香,https://baike.baidu.com/item/%E5%B0%8F%E6%B3%89%E4%BC%98%E9%A6%99
及川奈央,https://baike.baidu.com/item/%E5%8F%8A%E5%B7%9D%E5%A5%88%E5%A4%AE
福山沙耶香,https://baike.baidu.com/item/%E7%A6%8F%E5%B1%B1%E6%B2%99%E8%80%B6%E9%A6%99
前嶋美步,https://baike.baidu.com/item/%E5%89%8D%E5%B6%8B%E7%BE%8E%E6%AD%A5
竹内爱,https://baike.baidu.com/item/%E7%AB%B9%E5%86%85%E7%88%B1
真田春香,https://baike.baidu.com/item/%E7%9C%9F%E7%94%B0%E6%98%A5%E9%A6%99
美知广子,https://baike.baidu.com/item/%E7%BE%8E%E7%9F%A5%E5%B9%BF%E5%AD%90
橘未稀,https://baike.baidu.com/item/%E6%A9%98%E6%9C%AA%E7%A8%80
藤井雪莉,https://baike.baidu.com/item/%E8%97%A4%E4%BA%95%E9%9B%AA%E8%8E%89
田畑百子,https://baike.baidu.com/item/%E7%94%B0%E7%95%91%E7%99%BE%E5%AD%90
吉崎直绪,https://baike.baidu.com/item/%E5%90%89%E5%B4%8E%E7%9B%B4%E7%BB%AA
爱叶渚,https://baike.baidu.com/item/%E7%88%B1%E5%8F%B6%E6%B8%9A
直嶋爱,https://baike.baidu.com/item/%E7%9B%B4%E5%B6%8B%E7%88%B1
菅野亚梨沙,https://baike.baidu.com/item/%E8%8F%85%E9%87%8E%E4%BA%9A%E6%A2%A8%E6%B2%99
秋元美由,https://baike.baidu.com/item/%E7%A7%8B%E5%85%83%E7%BE%8E%E7%94%B1
莲井志帆,https://baike.baidu.com/item/%E8%8E%B2%E4%BA%95%E5%BF%97%E5%B8%86
铃木杏里,https://baike.baidu.com/item/%E9%93%83%E6%9C%A8%E6%9D%8F%E9%87%8C
妃悠爱,https://baike.baidu.com/item/%E5%A6%83%E6%82%A0%E7%88%B1
小樱沙树,https://baike.baidu.com/item/%E5%B0%8F%E6%A8%B1%E6%B2%99%E6%A0%91
桐岛葵,https://baike.baidu.com/item/%E6%A1%90%E5%B2%9B%E8%91%B5/85319
美优千奈,https://baike.baidu.com/item/%E7%BE%8E%E4%BC%98%E5%8D%83%E5%A5%88
并木优,https://baike.baidu.com/item/%E5%B9%B6%E6%9C%A8%E4%BC%98
藤井彩,https://baike.baidu.com/item/%E8%97%A4%E4%BA%95%E5%BD%A9
南沙也香,https://baike.baidu.com/item/%E5%8D%97%E6%B2%99%E4%B9%9F%E9%A6%99
前田香织,https://baike.baidu.com/item/%E5%89%8D%E7%94%B0%E9%A6%99%E7%BB%87
藤崎里绪,https://baike.baidu.com/item/%E8%97%A4%E5%B4%8E%E9%87%8C%E7%BB%AA
观月雏乃,https://baike.baidu.com/item/%E8%A7%82%E6%9C%88%E9%9B%8F%E4%B9%83
青山沙希,https://baike.baidu.com/item/%E9%9D%92%E5%B1%B1%E6%B2%99%E5%B8%8C
浅乃晴美,https://baike.baidu.com/item/%E6%B5%85%E4%B9%83%E6%99%B4%E7%BE%8E
仁科沙也加,https://baike.baidu.com/item/%E4%BB%81%E7%A7%91%E6%B2%99%E4%B9%9F%E5%8A%A0
石原莉奈,https://baike.baidu.com/item/%E7%9F%B3%E5%8E%9F%E8%8E%89%E5%A5%88
杉浦美由,https://baike.baidu.com/item/%E6%9D%89%E6%B5%A6%E7%BE%8E%E7%94%B1
小森美树,https://baike.baidu.com/item/%E5%B0%8F%E6%A3%AE%E7%BE%8E%E6%A0%91
长谷川美红,https://baike.baidu.com/item/%E9%95%BF%E8%B0%B7%E5%B7%9D%E7%BE%8E%E7%BA%A2
前田优希,https://baike.baidu.com/item/%E5%89%8D%E7%94%B0%E4%BC%98%E5%B8%8C
原纱央莉,https://baike.baidu.com/item/%E5%8E%9F%E7%BA%B1%E5%A4%AE%E8%8E%89
羽月希,https://baike.baidu.com/item/%E7%BE%BD%E6%9C%88%E5%B8%8C
濑户由衣,https://baike.baidu.com/item/%E6%BF%91%E6%88%B7%E7%94%B1%E8%A1%A3
朝田芭娜娜,https://baike.baidu.com/item/%E6%9C%9D%E7%94%B0%E8%8A%AD%E5%A8%9C%E5%A8%9C
石黑京香,https://baike.baidu.com/item/%E7%9F%B3%E9%BB%91%E4%BA%AC%E9%A6%99
麻生希,https://baike.baidu.com/item/%E9%BA%BB%E7%94%9F%E5%B8%8C
