name,work
椎名由奈,「椎名ゆな
椎名由奈,セル解禁」
青木玲,H 青木玲
青木玲,THE BEST OF 青木玲
平井绫,初少女 平井绫
周防雪子,3D肉蒲团
大冢咲,超熟女
朝日奈明,荷尔蒙
朝日奈明,剖术者
朝日奈明,第二梦
木村那美,新人×ギリギリモザイク 新人ギリギリモザイク 木村那美
泷泽萝拉,天神传
泷泽萝拉,流氓来了
小向美奈子,孤独的歌声
小向美奈子,花与蛇3白衣绳奴
樱井莉亚,New Comer桜井りあ
横山美雪,草莓之夜电影版
横山美雪,暗金丑岛君
横山美雪,世界中心呼唤爱
相田纱耶香,《纱耶香·无垢》
纱仓真菜,《最低。》 [2]
若菜光,金瓶梅
平泽里菜子,电影：《下妻物语》《娜娜》
绫波优,《24小时》
长泽梓,剖术者
和叶美玲,凉川幸乃
和叶美玲,凉川ゆきの
和叶美玲,高桥美树
和叶美玲,白井美贵
麻美由真,《下北GLORY DAYS》
早川濑里奈,金瓶梅
早川濑里奈,金瓶梅2
相崎琴音,Sky Angel Vol.68 相崎琴音
朝比奈琉依,热风
小日向优,《初快感・現役女子大生》；《リアル痴漢5現場》
妃乃光,《特命系长只野仁》
栗林里莉,新任女教师 くりりん先生
水菜丽,《刀剑神域》
岛田阳子,《幕府将军》
岛田阳子,《砂器》
岛田阳子,《八墓村》
岛田阳子,《英雄郑成功》
翔田千里,《しょうだ ちさと》
晶爱丽,《GAL的裸体海滩》
辰巳唯,豪情3D
叶山丽子,《妖兽都市》
安达有里,写真集《Beauty Smile》
麻生岬,MISSミルクレディブル
村上丽奈,玉蒲团之偷情宝鉴
村上丽奈,我为卿狂
樱木凛,《娘王》
樱木凛,《部活H优等生》
樱木凛,《恋人映像》
绘色千佳,绘色先生
成濑心美,中国秘伝乳
成濑心美,家庭教师
成濑心美,调教美少女
泷泽优奈,悩杀エロリスト
泷泽优奈,美露出DIVA 滝沢优奈
西野翔,《美女狩猎》
西野翔,《晚娘上部：恋欲》
朝香凉,荷尔蒙
朝香凉,嬢王
及川奈央,炎神战队
及川奈央,怪奇大家族
及川奈央,龙马传
莲井志帆,写真DVD《着エロ》
并木优,初花
藤井彩,《THE DOG GAME 2》
麻生希,《3D豪情》
